{"baseModLoader":{"forgeVersion":"0.17.2","name":"fabric-0.17.2-1.20.1","type":4,"downloadUrl":"https://fabricmc.forgecdn.net/net/fabricmc/fabric-loader/0.17.2/fabric-loader-0.17.2.jar","filename":"fabric-loader-0.17.2.jar","installMethod":4,"latest":true,"recommended":true,"versionJson":"{\"assetIndex\":null,\"id\":\"fabric-loader-0.17.2-1.20.1\",\"time\":\"2025-08-08T22:30:19+09:00\",\"releaseTime\":\"2025-08-08T22:30:19+09:00\",\"type\":\"release\",\"minecraftArguments\":null,\"minimumLauncherVersion\":0,\"assets\":null,\"inheritsFrom\":\"1.20.1\",\"jar\":null,\"logging\":null,\"libraries\":[{\"name\":\"org.ow2.asm:asm:9.8\",\"url\":\"https://fabricmc.forgecdn.net/\",\"serverreq\":null,\"clientreq\":null,\"natives\":null,\"extract\":null,\"rules\":null},{\"name\":\"org.ow2.asm:asm-analysis:9.8\",\"url\":\"https://fabricmc.forgecdn.net/\",\"serverreq\":null,\"clientreq\":null,\"natives\":null,\"extract\":null,\"rules\":null},{\"name\":\"org.ow2.asm:asm-commons:9.8\",\"url\":\"https://fabricmc.forgecdn.net/\",\"serverreq\":null,\"clientreq\":null,\"natives\":null,\"extract\":null,\"rules\":null},{\"name\":\"org.ow2.asm:asm-tree:9.8\",\"url\":\"https://fabricmc.forgecdn.net/\",\"serverreq\":null,\"clientreq\":null,\"natives\":null,\"extract\":null,\"rules\":null},{\"name\":\"org.ow2.asm:asm-util:9.8\",\"url\":\"https://fabricmc.forgecdn.net/\",\"serverreq\":null,\"clientreq\":null,\"natives\":null,\"extract\":null,\"rules\":null},{\"name\":\"net.fabricmc:sponge-mixin:0.16.3+mixin.0.8.7\",\"url\":\"https://fabricmc.forgecdn.net/\",\"serverreq\":null,\"clientreq\":null,\"natives\":null,\"extract\":null,\"rules\":null},{\"name\":\"net.fabricmc:intermediary:1.20.1\",\"url\":\"https://fabricmc.forgecdn.net/\",\"serverreq\":null,\"clientreq\":null,\"natives\":null,\"extract\":null,\"rules\":null},{\"name\":\"net.fabricmc:fabric-loader:0.17.2\",\"url\":\"https://fabricmc.forgecdn.net/\",\"serverreq\":null,\"clientreq\":null,\"natives\":null,\"extract\":null,\"rules\":null}],\"mainClass\":\"net.fabricmc.loader.impl.launch.knot.KnotClient\",\"arguments\":{\"game\":[],\"jvm\":[\"-DFabricMcEmu= net.minecraft.client.main.Main \"]}}","librariesInstallLocation":"{0}libraries/net/fabricmc/fabric-loader/0.17.2","minecraftVersion":"1.20.1"},"isUnlocked":true,"javaArgsOverride":null,"lastPlayed":"0001-01-01T00:00:00","playedCount":0,"timePlayed":0,"manifest":null,"fileDate":"0001-01-01T00:00:00","installedModpack":null,"projectID":0,"fileID":0,"customAuthor":null,"modpackOverrides":[],"isMemoryOverride":false,"allocatedMemory":4096,"memoryAllocatedType":0,"profileImagePath":null,"groupId":null,"isVanilla":false,"guid":"7d259247-07ad-442a-92a5-0e48cb324d66","gameTypeID":432,"installPath":"C:\\Users\\Administrator\\curseforge\\minecraft\\Instances\\sever\\","name":"sever","cachedScans":[],"isValid":true,"lastPreviousMatchUpdate":"0001-01-01T00:00:00","lastRefreshAttempt":"0001-01-01T00:00:00","isEnabled":true,"gameVersion":"1.20.1","gameVersionFlavor":null,"gameVersionTypeId":null,"preferenceAlternateFile":false,"preferenceAutoInstallUpdates":false,"preferenceDeleteOrphanedDependencies":false,"preferenceDeleteSavedVariables":false,"preferenceReleaseType":1,"preferenceModdingFolderPath":null,"syncProfile":{"PreferenceEnabled":false,"PreferenceAutoSync":true,"PreferenceAutoDelete":false,"PreferenceBackupSavedVariables":false,"GameInstanceGuid":"00000000-0000-0000-0000-000000000000","SyncProfileID":0,"SavedVariablesProfile":null,"LastSyncDate":"0001-01-01T00:00:00"},"installDate":"2025-08-29T00:24:49.3922638Z","installedAddons":[{"instanceID":"5875238f-07b3-4db9-b630-a75ccdaa7fe2","modSource":0,"addonID":416089,"gameID":432,"categoryClassID":6,"categorySection":{"id":8,"gameId":432,"name":"Mods","packageType":6,"path":"mods","initialInclusionPattern":".","gameCategoryId":6},"categoryIds":[435,422],"gameInstanceID":"7d259247-07ad-442a-92a5-0e48cb324d66","name":"Simple Voice Chat","modFolderPath":"C:\\Users\\Administrator\\curseforge\\minecraft\\Instances\\sever\\mods","fileNameOnDisk":"voicechat-fabric-1.20.1-2.5.35.jar","authors":[{"id":20569971,"name":"henkelmax"}],"primaryAuthor":"henkelmax","primaryCategoryId":422,"packageType":6,"webSiteURL":"https://www.curseforge.com/minecraft/mc-mods/simple-voice-chat","issuesURL":"https://github.com/henkelmax/simple-voice-chat/issues","wikiURL":"https://modrepo.de/minecraft/voicechat/wiki","thumbnailUrl":"https://media.forgecdn.net/avatars/thumbnails/391/367/256/256/637584172062782791.png","tags":[],"installedFile":{"id":6787163,"fileName":"voicechat-fabric-1.20.1-2.5.35.jar","fileDate":"2025-07-19T11:09:48.057Z","fileLength":9000433,"releaseType":1,"fileStatus":4,"downloadUrl":"https://edge.forgecdn.net/files/6787/163/voicechat-fabric-1.20.1-2.5.35.jar","isAlternate":false,"alternateFileId":0,"serverPackFileId":0,"dependencies":[{"addonId":348521,"type":2},{"addonId":549719,"type":2},{"addonId":391298,"type":2},{"addonId":535489,"type":2},{"addonId":431733,"type":2},{"addonId":308702,"type":2}],"isAvailable":true,"modules":[{"foldername":"META-INF","fingerprint":2380073328,"invalidFingerprint":false},{"foldername":"CONCENTUS_LICENSE","fingerprint":1291037065,"invalidFingerprint":false},{"foldername":"LAME4J_LICENSE","fingerprint":1136524626,"invalidFingerprint":false},{"foldername":"LAME_LICENSE","fingerprint":1633161558,"invalidFingerprint":false},{"foldername":"MINIMP3_RS_LICENSE","fingerprint":2703057448,"invalidFingerprint":false},{"foldername":"MP3LAME_SYS_LICENSE","fingerprint":1136524626,"invalidFingerprint":false},{"foldername":"OPUS_LICENSE","fingerprint":2130667667,"invalidFingerprint":false},{"foldername":"OPUS_RS_LICENSE","fingerprint":906773895,"invalidFingerprint":false},{"foldername":"RNNOISELESS_LICENSE","fingerprint":4289197360,"invalidFingerprint":false},{"foldername":"RNNOISE_LICENSE","fingerprint":3924282273,"invalidFingerprint":false},{"foldername":"assets","fingerprint":502320302,"invalidFingerprint":false},{"foldername":"de","fingerprint":2342110745,"invalidFingerprint":false},{"foldername":"fabric.mod.json","fingerprint":3006633951,"invalidFingerprint":false},{"foldername":"icon.png","fingerprint":3253926469,"invalidFingerprint":false},{"foldername":"natives","fingerprint":3216704738,"invalidFingerprint":false},{"foldername":"packs","fingerprint":1894465216,"invalidFingerprint":false},{"foldername":"voicechat-fabric-refmap.json","fingerprint":2248896927,"invalidFingerprint":false},{"foldername":"voicechat.mixins.json","fingerprint":121946969,"invalidFingerprint":false}],"packageFingerprint":3350929864,"gameVersion":["Fabric","1.20.1"],"sortableGameVersion":[{"gameVersion":"","gameVersionName":"Fabric","gameVersionTypeId":68441},{"gameVersion":"1.20.1","gameVersionName":"1.20.1","gameVersionTypeId":75125}],"hasInstallScript":false,"isCompatibleWithClient":false,"isEarlyAccessContent":false,"restrictProjectFileAccess":0,"projectStatus":4,"projectId":416089,"fileNameOnDisk":"voicechat-fabric-1.20.1-2.5.35.jar","hashes":[{"type":1,"value":"29bf1c1dcdbbf2fd11ce14e0edaa6c734b34e6b7"},{"type":2,"value":"1fabd9c36128f1d9dbbafcefe06f455d"}]},"dateInstalled":"2025-08-29T00:27:33.0922836Z","dateUpdated":"2025-08-29T00:27:42.4131711Z","status":4,"installSource":0,"preferenceReleaseType":null,"preferenceAutoInstallUpdates":null,"preferenceAlternateFile":false,"isEnabled":true,"filePaths":["C:\\Users\\Administrator\\curseforge\\minecraft\\Instances\\sever\\mods\\voicechat-fabric-1.20.1-2.5.35.jar"],"preferenceIsIgnored":false,"isModified":false,"isWorkingCopy":false,"isFuzzyMatch":false,"manifestName":null,"installedTargets":[],"latestFile":{"id":6787163,"fileName":"voicechat-fabric-1.20.1-2.5.35.jar","fileDate":"2025-07-19T11:09:48.057Z","fileLength":9000433,"releaseType":1,"fileStatus":4,"downloadUrl":"https://edge.forgecdn.net/files/6787/163/voicechat-fabric-1.20.1-2.5.35.jar","isAlternate":false,"alternateFileId":0,"serverPackFileId":0,"dependencies":[{"addonId":348521,"type":2},{"addonId":549719,"type":2},{"addonId":391298,"type":2},{"addonId":535489,"type":2},{"addonId":431733,"type":2},{"addonId":308702,"type":2}],"isAvailable":true,"modules":[{"foldername":"META-INF","fingerprint":2380073328,"invalidFingerprint":false},{"foldername":"CONCENTUS_LICENSE","fingerprint":1291037065,"invalidFingerprint":false},{"foldername":"LAME4J_LICENSE","fingerprint":1136524626,"invalidFingerprint":false},{"foldername":"LAME_LICENSE","fingerprint":1633161558,"invalidFingerprint":false},{"foldername":"MINIMP3_RS_LICENSE","fingerprint":2703057448,"invalidFingerprint":false},{"foldername":"MP3LAME_SYS_LICENSE","fingerprint":1136524626,"invalidFingerprint":false},{"foldername":"OPUS_LICENSE","fingerprint":2130667667,"invalidFingerprint":false},{"foldername":"OPUS_RS_LICENSE","fingerprint":906773895,"invalidFingerprint":false},{"foldername":"RNNOISELESS_LICENSE","fingerprint":4289197360,"invalidFingerprint":false},{"foldername":"RNNOISE_LICENSE","fingerprint":3924282273,"invalidFingerprint":false},{"foldername":"assets","fingerprint":502320302,"invalidFingerprint":false},{"foldername":"de","fingerprint":2342110745,"invalidFingerprint":false},{"foldername":"fabric.mod.json","fingerprint":3006633951,"invalidFingerprint":false},{"foldername":"icon.png","fingerprint":3253926469,"invalidFingerprint":false},{"foldername":"natives","fingerprint":3216704738,"invalidFingerprint":false},{"foldername":"packs","fingerprint":1894465216,"invalidFingerprint":false},{"foldername":"voicechat-fabric-refmap.json","fingerprint":2248896927,"invalidFingerprint":false},{"foldername":"voicechat.mixins.json","fingerprint":121946969,"invalidFingerprint":false}],"packageFingerprint":3350929864,"gameVersion":["Fabric","1.20.1"],"sortableGameVersion":[{"gameVersion":"","gameVersionName":"Fabric","gameVersionTypeId":68441},{"gameVersion":"1.20.1","gameVersionName":"1.20.1","gameVersionTypeId":75125}],"hasInstallScript":false,"isCompatibleWithClient":false,"isEarlyAccessContent":false,"restrictProjectFileAccess":0,"projectStatus":4,"projectId":416089,"fileNameOnDisk":"voicechat-fabric-1.20.1-2.5.35.jar","hashes":[{"type":1,"value":"29bf1c1dcdbbf2fd11ce14e0edaa6c734b34e6b7"},{"type":2,"value":"1fabd9c36128f1d9dbbafcefe06f455d"}]},"allowModDistribution":true,"exportDisabledReason":0,"groupId":null},{"instanceID":"7cdebea4-50f3-4484-974c-4e1e56925119","modSource":0,"addonID":657742,"gameID":432,"categoryClassID":6,"categorySection":{"id":8,"gameId":432,"name":"Mods","packageType":6,"path":"mods","initialInclusionPattern":".","gameCategoryId":6},"categoryIds":[425],"gameInstanceID":"7d259247-07ad-442a-92a5-0e48cb324d66","name":"Korean Chat Patch","modFolderPath":"C:\\Users\\Administrator\\curseforge\\minecraft\\Instances\\sever\\mods","fileNameOnDisk":"koreanpatch-fabric-1.9.0+mc1.20.1.jar","authors":[{"id":100677646,"name":"나죠안"}],"primaryAuthor":"나죠안","primaryCategoryId":425,"packageType":6,"webSiteURL":"https://www.curseforge.com/minecraft/mc-mods/korean-patch-fabric","issuesURL":"https://github.com/najoan125/KoreanPatch-multiLoader/issues","wikiURL":"","thumbnailUrl":"https://media.forgecdn.net/avatars/thumbnails/587/453/256/256/637956501988252654.png","tags":[],"installedFile":{"id":6877686,"fileName":"koreanpatch-fabric-1.9.0+mc1.20.1.jar","fileDate":"2025-08-12T07:31:11.263Z","fileLength":564695,"releaseType":1,"fileStatus":4,"downloadUrl":"https://edge.forgecdn.net/files/6877/686/koreanpatch-fabric-1.9.0%2bmc1.20.1.jar","isAlternate":false,"alternateFileId":0,"serverPackFileId":0,"dependencies":[{"addonId":667299,"type":2},{"addonId":308702,"type":2}],"isAvailable":true,"modules":[{"foldername":"META-INF","fingerprint":2259973337,"invalidFingerprint":false},{"foldername":"LICENSE_Korean Patch","fingerprint":1136524626,"invalidFingerprint":false},{"foldername":"assets","fingerprint":2378121156,"invalidFingerprint":false},{"foldername":"com","fingerprint":3503717787,"invalidFingerprint":false},{"foldername":"fabric.mod.json","fingerprint":2557765178,"invalidFingerprint":false},{"foldername":"koreanpatch.accesswidener","fingerprint":3139743747,"invalidFingerprint":false},{"foldername":"koreanpatch.fabric.mixins.json","fingerprint":3975817205,"invalidFingerprint":false},{"foldername":"koreanpatch.mixins.json","fingerprint":2427465582,"invalidFingerprint":false},{"foldername":"koreanpatch.refmap.json","fingerprint":1646756746,"invalidFingerprint":false},{"foldername":"native","fingerprint":1036209916,"invalidFingerprint":false},{"foldername":"pack.mcmeta","fingerprint":1799185790,"invalidFingerprint":false}],"packageFingerprint":3146683325,"gameVersion":["Fabric","1.20.1","1.20","Quilt"],"sortableGameVersion":[{"gameVersion":"","gameVersionName":"Fabric","gameVersionTypeId":68441},{"gameVersion":"1.20.1","gameVersionName":"1.20.1","gameVersionTypeId":75125},{"gameVersion":"1.20","gameVersionName":"1.20","gameVersionTypeId":75125},{"gameVersion":"","gameVersionName":"Quilt","gameVersionTypeId":68441}],"hasInstallScript":false,"isCompatibleWithClient":false,"isEarlyAccessContent":false,"restrictProjectFileAccess":0,"projectStatus":4,"projectId":657742,"fileNameOnDisk":"koreanpatch-fabric-1.9.0+mc1.20.1.jar","hashes":[{"type":1,"value":"2f37e6d0568e0561a5cdfe8a6e0ca0c0da8ef203"},{"type":2,"value":"04dfca134af2ff3f4bb58358bf25ad9f"}]},"dateInstalled":"2025-08-29T00:26:55.6169303Z","dateUpdated":"2025-08-29T00:27:37.730108Z","status":4,"installSource":0,"preferenceReleaseType":null,"preferenceAutoInstallUpdates":null,"preferenceAlternateFile":false,"isEnabled":true,"filePaths":["C:\\Users\\Administrator\\curseforge\\minecraft\\Instances\\sever\\mods\\koreanpatch-fabric-1.9.0+mc1.20.1.jar"],"preferenceIsIgnored":false,"isModified":false,"isWorkingCopy":false,"isFuzzyMatch":false,"manifestName":null,"installedTargets":[],"latestFile":{"id":6877686,"fileName":"koreanpatch-fabric-1.9.0+mc1.20.1.jar","fileDate":"2025-08-12T07:31:11.263Z","fileLength":564695,"releaseType":1,"fileStatus":4,"downloadUrl":"https://edge.forgecdn.net/files/6877/686/koreanpatch-fabric-1.9.0%2bmc1.20.1.jar","isAlternate":false,"alternateFileId":0,"serverPackFileId":0,"dependencies":[{"addonId":667299,"type":2},{"addonId":308702,"type":2}],"isAvailable":true,"modules":[{"foldername":"META-INF","fingerprint":2259973337,"invalidFingerprint":false},{"foldername":"LICENSE_Korean Patch","fingerprint":1136524626,"invalidFingerprint":false},{"foldername":"assets","fingerprint":2378121156,"invalidFingerprint":false},{"foldername":"com","fingerprint":3503717787,"invalidFingerprint":false},{"foldername":"fabric.mod.json","fingerprint":2557765178,"invalidFingerprint":false},{"foldername":"koreanpatch.accesswidener","fingerprint":3139743747,"invalidFingerprint":false},{"foldername":"koreanpatch.fabric.mixins.json","fingerprint":3975817205,"invalidFingerprint":false},{"foldername":"koreanpatch.mixins.json","fingerprint":2427465582,"invalidFingerprint":false},{"foldername":"koreanpatch.refmap.json","fingerprint":1646756746,"invalidFingerprint":false},{"foldername":"native","fingerprint":1036209916,"invalidFingerprint":false},{"foldername":"pack.mcmeta","fingerprint":1799185790,"invalidFingerprint":false}],"packageFingerprint":3146683325,"gameVersion":["Fabric","1.20.1","1.20","Quilt"],"sortableGameVersion":[{"gameVersion":"","gameVersionName":"Fabric","gameVersionTypeId":68441},{"gameVersion":"1.20.1","gameVersionName":"1.20.1","gameVersionTypeId":75125},{"gameVersion":"1.20","gameVersionName":"1.20","gameVersionTypeId":75125},{"gameVersion":"","gameVersionName":"Quilt","gameVersionTypeId":68441}],"hasInstallScript":false,"isCompatibleWithClient":false,"isEarlyAccessContent":false,"restrictProjectFileAccess":0,"projectStatus":4,"projectId":657742,"fileNameOnDisk":"koreanpatch-fabric-1.9.0+mc1.20.1.jar","hashes":[{"type":1,"value":"2f37e6d0568e0561a5cdfe8a6e0ca0c0da8ef203"},{"type":2,"value":"04dfca134af2ff3f4bb58358bf25ad9f"}]},"allowModDistribution":false,"exportDisabledReason":0,"groupId":null},{"instanceID":"0511c15b-f229-4408-86a3-3e6f48c714e2","modSource":0,"addonID":306612,"gameID":432,"categoryClassID":6,"categorySection":{"id":8,"gameId":432,"name":"Mods","packageType":6,"path":"mods","initialInclusionPattern":".","gameCategoryId":6},"categoryIds":[421],"gameInstanceID":"7d259247-07ad-442a-92a5-0e48cb324d66","name":"Fabric API","modFolderPath":"C:\\Users\\Administrator\\curseforge\\minecraft\\Instances\\sever\\mods","fileNameOnDisk":"fabric-api-0.92.6+1.20.1.jar","authors":[{"id":9548223,"name":"modmuss50"},{"id":7025176,"name":"sfPlayer1"}],"primaryAuthor":"modmuss50","primaryCategoryId":421,"packageType":6,"webSiteURL":"https://www.curseforge.com/minecraft/mc-mods/fabric-api","issuesURL":"https://github.com/FabricMC/fabric/issues","wikiURL":"https://fabricmc.net/wiki/","thumbnailUrl":"https://media.forgecdn.net/avatars/thumbnails/185/822/256/256/636829723898798601.png","tags":[],"installedFile":{"id":6601119,"fileName":"fabric-api-0.92.6+1.20.1.jar","fileDate":"2025-05-31T13:33:47.903Z","fileLength":2107873,"releaseType":1,"fileStatus":4,"downloadUrl":"https://edge.forgecdn.net/files/6601/119/fabric-api-0.92.6%2b1.20.1.jar","isAlternate":false,"alternateFileId":0,"serverPackFileId":0,"dependencies":[],"isAvailable":true,"modules":[{"foldername":"META-INF","fingerprint":1939792151,"invalidFingerprint":false},{"foldername":"LICENSE-fabric-api","fingerprint":3574284957,"invalidFingerprint":false},{"foldername":"assets","fingerprint":860504683,"invalidFingerprint":false},{"foldername":"fabric.mod.json","fingerprint":2174801972,"invalidFingerprint":false}],"packageFingerprint":2800306859,"gameVersion":["Fabric","1.20.1"],"sortableGameVersion":[{"gameVersion":"","gameVersionName":"Fabric","gameVersionTypeId":68441},{"gameVersion":"1.20.1","gameVersionName":"1.20.1","gameVersionTypeId":75125}],"hasInstallScript":false,"isCompatibleWithClient":false,"isEarlyAccessContent":false,"restrictProjectFileAccess":0,"projectStatus":4,"projectId":306612,"fileNameOnDisk":"fabric-api-0.92.6+1.20.1.jar","hashes":[{"type":1,"value":"3ec0a88b64f252257df6287e9a1d47ed96331e5d"},{"type":2,"value":"3483560775f416a4c759535b898165a5"}]},"dateInstalled":"2025-08-29T00:24:55.7955112Z","dateUpdated":"2025-08-29T00:24:55.8281385Z","status":4,"installSource":0,"preferenceReleaseType":null,"preferenceAutoInstallUpdates":null,"preferenceAlternateFile":false,"isEnabled":true,"filePaths":["C:\\Users\\Administrator\\curseforge\\minecraft\\Instances\\sever\\mods\\fabric-api-0.92.6+1.20.1.jar"],"preferenceIsIgnored":false,"isModified":false,"isWorkingCopy":false,"isFuzzyMatch":false,"manifestName":null,"installedTargets":[],"latestFile":{"id":6601119,"fileName":"fabric-api-0.92.6+1.20.1.jar","fileDate":"2025-05-31T13:33:47.903Z","fileLength":2107873,"releaseType":1,"fileStatus":4,"downloadUrl":"https://edge.forgecdn.net/files/6601/119/fabric-api-0.92.6%2b1.20.1.jar","isAlternate":false,"alternateFileId":0,"serverPackFileId":0,"dependencies":[],"isAvailable":true,"modules":[{"foldername":"META-INF","fingerprint":1939792151,"invalidFingerprint":false},{"foldername":"LICENSE-fabric-api","fingerprint":3574284957,"invalidFingerprint":false},{"foldername":"assets","fingerprint":860504683,"invalidFingerprint":false},{"foldername":"fabric.mod.json","fingerprint":2174801972,"invalidFingerprint":false}],"packageFingerprint":2800306859,"gameVersion":["Fabric","1.20.1"],"sortableGameVersion":[{"gameVersion":"","gameVersionName":"Fabric","gameVersionTypeId":68441},{"gameVersion":"1.20.1","gameVersionName":"1.20.1","gameVersionTypeId":75125}],"hasInstallScript":false,"isCompatibleWithClient":false,"isEarlyAccessContent":false,"restrictProjectFileAccess":0,"projectStatus":4,"projectId":306612,"fileNameOnDisk":"fabric-api-0.92.6+1.20.1.jar","hashes":[{"type":1,"value":"3ec0a88b64f252257df6287e9a1d47ed96331e5d"},{"type":2,"value":"3483560775f416a4c759535b898165a5"}]},"allowModDistribution":true,"exportDisabledReason":0,"groupId":null},{"instanceID":"7b6f5318-956d-4c34-a68c-af5c3e3bff80","modSource":0,"addonID":32274,"gameID":432,"categoryClassID":6,"categorySection":{"id":8,"gameId":432,"name":"Mods","packageType":6,"path":"mods","initialInclusionPattern":".","gameCategoryId":6},"categoryIds":[423],"gameInstanceID":"7d259247-07ad-442a-92a5-0e48cb324d66","name":"JourneyMap","modFolderPath":"C:\\Users\\Administrator\\curseforge\\minecraft\\Instances\\sever\\mods","fileNameOnDisk":"journeymap-1.20.1-5.10.3-fabric.jar","authors":[{"id":7577665,"name":"techbrew"},{"id":9422784,"name":"Mysticdrew"},{"id":100701793,"name":"meme_sapiens"}],"primaryAuthor":"techbrew","primaryCategoryId":423,"packageType":6,"webSiteURL":"https://www.curseforge.com/minecraft/mc-mods/journeymap","issuesURL":"https://github.com/TeamJM/journeymap/issues","wikiURL":"http://journeymap.info","thumbnailUrl":"https://media.forgecdn.net/avatars/thumbnails/9/144/256/256/635421614078544069.png","tags":[],"installedFile":{"id":5789354,"fileName":"journeymap-1.20.1-5.10.3-fabric.jar","fileDate":"2024-10-06T18:57:14.987Z","fileLength":7209178,"releaseType":1,"fileStatus":4,"downloadUrl":"https://edge.forgecdn.net/files/5789/354/journeymap-1.20.1-5.10.3-fabric.jar","isAlternate":false,"alternateFileId":0,"serverPackFileId":0,"dependencies":[{"addonId":226005,"type":4}],"isAvailable":true,"modules":[{"foldername":"META-INF","fingerprint":3452968549,"invalidFingerprint":false},{"foldername":"NOTICE.txt","fingerprint":3411389661,"invalidFingerprint":false},{"foldername":"about.html","fingerprint":1421502970,"invalidFingerprint":false},{"foldername":"assets","fingerprint":3752842036,"invalidFingerprint":false},{"foldername":"earcut4j","fingerprint":2642202196,"invalidFingerprint":false},{"foldername":"fabric.mod.json","fingerprint":3701769179,"invalidFingerprint":false},{"foldername":"info","fingerprint":208749453,"invalidFingerprint":false},{"foldername":"jetty-dir.css","fingerprint":4183154058,"invalidFingerprint":false},{"foldername":"journeymap-refmap.json","fingerprint":1528346586,"invalidFingerprint":false},{"foldername":"journeymap.accesswidener","fingerprint":1043257228,"invalidFingerprint":false},{"foldername":"journeymap.mixins.json","fingerprint":3854862716,"invalidFingerprint":false},{"foldername":"journeymap.png","fingerprint":3357985534,"invalidFingerprint":false},{"foldername":"journeymap","fingerprint":1197466134,"invalidFingerprint":false},{"foldername":"license.txt","fingerprint":3783103212,"invalidFingerprint":false}],"packageFingerprint":3041269360,"gameVersion":["Fabric","1.20.1","Quilt"],"sortableGameVersion":[{"gameVersion":"","gameVersionName":"Fabric","gameVersionTypeId":68441},{"gameVersion":"1.20.1","gameVersionName":"1.20.1","gameVersionTypeId":75125},{"gameVersion":"","gameVersionName":"Quilt","gameVersionTypeId":68441}],"hasInstallScript":false,"isCompatibleWithClient":false,"isEarlyAccessContent":false,"restrictProjectFileAccess":0,"projectStatus":4,"projectId":32274,"fileNameOnDisk":"journeymap-1.20.1-5.10.3-fabric.jar","hashes":[{"type":1,"value":"d21f82961c65df520df28ec75f045f4c89213de0"},{"type":2,"value":"0daacf8f13dd33450a970601cf21d627"}]},"dateInstalled":"2025-08-29T00:25:58.3607193Z","dateUpdated":"2025-08-29T00:27:39.7922292Z","status":4,"installSource":0,"preferenceReleaseType":null,"preferenceAutoInstallUpdates":null,"preferenceAlternateFile":false,"isEnabled":true,"filePaths":["C:\\Users\\Administrator\\curseforge\\minecraft\\Instances\\sever\\mods\\journeymap-1.20.1-5.10.3-fabric.jar"],"preferenceIsIgnored":false,"isModified":false,"isWorkingCopy":false,"isFuzzyMatch":false,"manifestName":null,"installedTargets":[],"latestFile":{"id":5789354,"fileName":"journeymap-1.20.1-5.10.3-fabric.jar","fileDate":"2024-10-06T18:57:14.987Z","fileLength":7209178,"releaseType":1,"fileStatus":4,"downloadUrl":"https://edge.forgecdn.net/files/5789/354/journeymap-1.20.1-5.10.3-fabric.jar","isAlternate":false,"alternateFileId":0,"serverPackFileId":0,"dependencies":[{"addonId":226005,"type":4}],"isAvailable":true,"modules":[{"foldername":"META-INF","fingerprint":3452968549,"invalidFingerprint":false},{"foldername":"NOTICE.txt","fingerprint":3411389661,"invalidFingerprint":false},{"foldername":"about.html","fingerprint":1421502970,"invalidFingerprint":false},{"foldername":"assets","fingerprint":3752842036,"invalidFingerprint":false},{"foldername":"earcut4j","fingerprint":2642202196,"invalidFingerprint":false},{"foldername":"fabric.mod.json","fingerprint":3701769179,"invalidFingerprint":false},{"foldername":"info","fingerprint":208749453,"invalidFingerprint":false},{"foldername":"jetty-dir.css","fingerprint":4183154058,"invalidFingerprint":false},{"foldername":"journeymap-refmap.json","fingerprint":1528346586,"invalidFingerprint":false},{"foldername":"journeymap.accesswidener","fingerprint":1043257228,"invalidFingerprint":false},{"foldername":"journeymap.mixins.json","fingerprint":3854862716,"invalidFingerprint":false},{"foldername":"journeymap.png","fingerprint":3357985534,"invalidFingerprint":false},{"foldername":"journeymap","fingerprint":1197466134,"invalidFingerprint":false},{"foldername":"license.txt","fingerprint":3783103212,"invalidFingerprint":false}],"packageFingerprint":3041269360,"gameVersion":["Fabric","1.20.1","Quilt"],"sortableGameVersion":[{"gameVersion":"","gameVersionName":"Fabric","gameVersionTypeId":68441},{"gameVersion":"1.20.1","gameVersionName":"1.20.1","gameVersionTypeId":75125},{"gameVersion":"","gameVersionName":"Quilt","gameVersionTypeId":68441}],"hasInstallScript":false,"isCompatibleWithClient":false,"isEarlyAccessContent":false,"restrictProjectFileAccess":0,"projectStatus":4,"projectId":32274,"fileNameOnDisk":"journeymap-1.20.1-5.10.3-fabric.jar","hashes":[{"type":1,"value":"d21f82961c65df520df28ec75f045f4c89213de0"},{"type":2,"value":"0daacf8f13dd33450a970601cf21d627"}]},"allowModDistribution":true,"exportDisabledReason":0,"groupId":null}],"installedGamePrerequisites":[],"wasNameManuallyChanged":false,"wasGameVersionTypeIdManuallyChanged":false}